group,queue,waiting,vehicle_count
0,0.0,0.0,5.5
1,0.0,0.0,15.5
2,0.1,0.0,25.2
3,0.1,0.0,34.4
4,0.1,0.0,44.3
5,0.8,2.1,52.4
6,1.9,15.1,58.9
7,2.1,35.0,64.6
8,3.4,60.1,72.7
9,1.5,5.7,79.4
10,4.1,31.6,82.2
11,6.9,85.4,89.0
12,10.4,160.1,95.0
13,4.6,70.9,102.1
14,6.9,37.6,107.5
15,10.5,129.6,116.2
16,11.6,238.6,121.4
17,13.6,365.6,128.0
18,6.0,181.8,135.5
19,0.2,2.2,138.6
20,0.1,0.0,137.4
21,0.0,0.0,134.0
22,0.6,1.0,137.4
23,0.1,0.0,140.7
24,0.1,0.0,148.5
25,0.2,0.0,152.6
26,1.5,5.8,158.1
27,1.1,3.1,163.1
28,1.0,4.3,161.3
29,3.0,22.5,155.9
30,3.3,52.6,157.8
31,3.5,51.1,161.3
32,1.1,8.5,163.5
33,1.0,18.5,167.8
34,1.2,28.5,172.4
35,1.0,38.5,175.8
36,1.0,5.5,180.2
37,1.0,15.5,179.9
38,1.1,25.5,177.0
39,1.8,38.3,181.9
40,1.3,27.8,184.8
41,0.0,0.0,187.1
42,0.0,0.0,191.9
43,1.4,5.6,194.1
44,3.9,35.0,196.3
45,0.6,7.3,198.9
46,0.0,0.0,196.6
47,0.0,0.0,190.1
48,0.2,0.1,189.4
49,0.1,0.0,193.3
50,0.0,0.0,196.5
51,0.8,2.1,203.0
52,2.2,19.3,206.4
53,3.1,46.5,208.0
54,1.0,7.9,213.2
55,1.0,12.5,214.2
56,1.2,22.5,209.8
57,1.4,33.1,211.9
58,2.2,26.6,216.1
59,3.2,18.2,221.5
60,4.0,56.0,227.9
61,4.8,97.3,235.7
62,7.0,157.5,240.5
63,2.5,31.5,242.1
64,1.9,14.1,237.8
65,2.1,34.0,234.8
66,3.5,60.1,234.4
67,4.0,57.8,233.5
68,5.5,25.9,229.5
69,9.9,108.0,231.6
70,12.3,219.8,233.1
71,13.7,351.3,233.8
72,11.6,395.8,234.7
73,9.1,388.2,235.3
74,9.0,458.5,235.1
75,9.4,548.8,237.7
76,10.1,524.3,237.1
77,8.4,89.9,233.1
78,14.7,145.7,236.1
79,18.3,311.0,240.3
80,21.5,512.8,241.0
81,18.8,614.0,242.2
82,14.0,585.9,236.6
83,12.0,657.0,226.3
84,12.0,777.0,221.3
85,10.9,768.6,220.2
86,6.1,179.0,220.9
87,6.4,72.5,224.1
88,12.9,167.5,230.4
89,17.2,324.1,236.7
90,13.5,299.8,241.0
91,12.3,405.8,236.0
92,12.0,524.0,227.1
93,12.0,644.0,224.8
94,10.5,652.7,222.0
95,2.6,156.1,221.1
96,1.4,7.5,229.9
97,2.6,21.2,239.2
98,7.6,69.9,244.9
99,9.6,103.2,246.9
100,7.1,127.8,241.3
101,5.6,155.6,234.5
102,6.1,215.0,229.5
103,5.3,195.8,229.8
104,0.2,0.9,230.7
105,0.2,0.0,233.0
106,1.8,5.3,239.5
107,3.3,32.6,242.3
108,1.4,11.3,243.7
109,2.1,23.1,241.1
110,2.1,43.0,237.0
111,2.6,65.1,235.5
112,2.0,49.7,238.2
113,0.0,0.0,240.1
114,1.9,5.5,245.9
115,6.0,47.7,247.4
116,10.6,132.4,247.6
117,6.6,108.9,249.0
118,0.3,5.2,248.7
119,1.0,3.1,246.7
120,1.1,2.8,242.2
121,1.7,5.9,236.3
122,3.1,26.6,232.5
123,4.7,65.8,236.4
124,6.2,119.7,242.5
125,7.0,187.5,245.6
126,1.2,24.6,246.8
127,0.5,1.0,247.0
128,1.1,7.5,242.2
129,1.6,18.5,242.0
130,1.5,17.4,242.4
131,1.0,7.5,245.6
132,1.0,17.5,250.8
133,2.7,32.4,253.2
134,6.5,79.4,255.8
135,3.7,24.3,262.5
136,5.4,40.0,259.3
137,3.5,41.7,255.6
138,3.6,57.7,249.5
139,6.8,73.7,249.7
140,3.6,15.8,252.6
141,5.1,61.5,259.3
142,6.3,115.8,265.8
143,8.5,189.3,267.7
144,2.4,49.3,270.7
145,0.9,1.3,270.5
146,0.1,0.0,271.0
147,0.8,3.6,272.7
148,1.3,7.3,274.4
149,1.0,7.5,276.3
150,1.0,17.5,277.6
151,1.0,27.5,278.2
152,2.7,42.5,280.2
153,2.9,58.0,283.0
154,4.9,92.8,272.9
155,5.4,142.8,264.0
156,7.1,202.9,265.1
157,8.3,249.1,263.5
158,6.7,252.0,259.9
159,4.9,285.8,260.6
160,6.8,337.5,264.1
161,8.6,416.6,271.9
162,3.1,84.9,276.2
163,1.1,6.5,277.5
164,1.8,8.3,276.9
165,2.1,26.0,275.1
166,1.6,22.9,274.8
167,0.0,0.0,272.8
168,0.2,0.0,272.0
169,0.6,2.1,268.1
170,2.9,19.1,263.8
171,0.5,1.9,265.7
172,0.1,0.0,259.4
173,0.8,3.6,252.0
174,1.1,13.5,247.1
175,0.8,12.9,249.5
176,0.1,0.0,251.9
177,0.1,0.0,253.1
178,2.3,7.8,258.7
179,5.1,49.5,263.6
180,2.4,19.6,264.9
181,2.2,24.3,260.7
182,3.0,51.5,255.5
183,3.0,81.5,252.0
184,2.5,63.3,247.6
185,1.0,10.5,246.0
186,1.0,20.5,245.2
187,1.2,30.5,246.9
188,2.2,44.8,248.4
189,0.6,1.3,247.8
190,0.2,0.0,243.7
191,0.5,1.5,236.6
192,1.2,10.5,233.1
193,1.3,10.8,234.2
194,4.8,29.2,236.9
195,7.0,92.5,243.2
196,9.6,173.7,245.0
197,11.3,280.5,245.7
198,5.6,131.0,249.3
199,5.5,100.5,245.5
200,4.0,136.0,240.8
201,4.2,176.0,238.7
202,8.5,232.4,238.9
203,13.6,350.4,240.9
204,14.9,492.1,244.3
205,18.7,658.2,249.5
206,22.1,865.1,250.3
207,19.8,996.5,252.9
208,16.2,908.7,253.8
209,12.1,830.0,256.4
210,12.0,948.0,257.8
211,15.4,1081.2,255.8
212,19.0,1260.5,259.2
213,19.7,1453.3,265.9
214,20.2,1653.3,269.1
215,22.7,1868.8,269.5
216,20.6,2056.2,272.6
217,17.1,2027.6,271.3
218,12.3,1909.0,268.7
219,12.0,2028.0,263.6
220,14.6,2158.6,259.1
221,16.1,2316.0,258.4
222,16.0,2476.0,260.0
223,18.4,2645.4,265.1
224,20.3,2561.8,266.6
225,11.1,823.5,264.8
226,9.9,123.9,261.4
227,12.0,176.0,255.9
228,12.0,296.0,256.3
229,10.5,348.8,254.5
230,2.9,80.8,251.5
231,2.8,17.2,253.2
232,9.3,72.3,258.5
233,15.5,202.2,260.5
234,13.0,242.3,261.7
235,12.0,342.0,261.0
236,12.1,462.0,260.3
237,12.0,582.0,256.9
238,10.5,599.1,255.6
239,2.1,123.8,256.8
240,1.1,2.8,257.7
241,1.8,13.4,262.1
242,9.2,61.3,263.2
243,13.5,133.5,264.8
244,12.9,229.6,256.4
245,12.0,336.0,251.4
246,12.0,456.0,246.0
247,10.5,486.8,246.3
248,3.0,130.4,243.2
249,2.7,12.6,246.8
250,5.2,52.5,248.7
251,8.4,117.3,249.2
252,6.7,101.8,251.8
253,5.6,118.8,248.6
254,6.0,171.0,245.1
255,6.0,231.0,246.1
256,4.7,206.1,245.8
257,0.0,0.0,247.0
258,0.2,0.0,249.7
259,0.6,1.6,248.8
260,3.7,23.8,250.8
261,1.2,4.6,255.2
262,1.1,5.5,255.9
263,1.7,18.3,249.1
264,2.0,38.0,247.1
265,1.4,28.8,242.6
266,0.2,0.0,242.7
267,0.1,0.0,245.1
268,1.5,6.4,247.0
269,3.9,34.3,246.9
270,1.9,10.6,254.2
271,3.2,22.3,248.8
272,4.0,61.0,243.0
273,4.1,101.0,242.5
274,2.8,85.7,241.5
275,0.1,0.0,244.9
276,0.1,0.0,249.3
277,0.0,0.0,250.8
278,1.1,3.7,251.2
279,0.8,1.7,254.1
280,3.0,17.9,254.2
281,4.3,56.3,251.2
282,5.7,106.3,250.6
283,4.5,110.2,252.1
284,0.1,0.0,255.7
285,0.6,1.5,262.5
286,1.8,12.7,264.1
287,5.5,50.0,264.3
288,1.6,13.9,265.3
289,1.0,10.5,258.6
290,2.0,24.1,249.1
291,2.4,44.6,246.7
292,2.0,37.1,247.0
293,0.0,0.0,246.7
294,0.0,0.0,247.2
295,1.4,4.7,247.1
296,3.8,32.3,249.6
297,0.6,6.7,254.3
298,0.3,0.0,252.1
299,0.9,2.1,247.6
300,3.3,25.1,250.6
301,2.9,34.8,251.1
302,3.4,16.2,249.1
303,5.1,62.5,252.4
304,6.6,117.9,257.2
305,10.4,203.4,259.0
306,7.6,101.2,259.8
307,6.2,128.1,262.1
308,6.0,182.0,261.8
309,6.0,242.0,261.6
310,4.8,208.0,257.8
311,6.6,33.1,262.2
312,10.0,121.6,266.1
313,11.5,230.4,273.4
314,15.0,361.8,277.7
315,11.3,267.5,285.4
316,16.6,337.4,282.1
317,15.0,434.3,278.9
318,12.1,533.0,272.2
319,10.8,525.2,265.9
320,8.4,139.4,266.4
321,8.1,100.0,271.3
322,10.9,190.2,277.3
323,14.5,323.1,281.8
324,10.3,195.7,284.2
325,6.1,153.9,280.1
326,5.9,205.3,267.1
327,6.6,266.6,261.8
328,8.1,249.2,257.3
329,4.3,42.1,254.3
330,6.0,85.1,251.8
331,9.3,162.7,254.0
332,12.7,273.8,257.1
333,6.4,119.8,256.2
334,8.0,118.4,256.1
335,9.0,163.6,254.2
336,4.3,137.6,247.3
337,4.5,100.7,249.1
338,3.5,27.1,251.6
339,4.3,65.3,254.1
340,5.4,112.8,260.7
341,8.2,178.8,262.5
342,7.8,216.8,263.1
343,6.6,169.9,258.2
344,6.0,180.0,255.1
345,6.0,240.0,250.4
346,4.5,208.7,245.3
347,0.0,0.0,245.5
348,0.1,0.0,247.7
349,0.1,0.0,250.9
350,0.0,0.0,252.6
351,0.0,0.0,254.1
352,0.3,0.0,250.8
353,0.2,0.3,247.8
354,1.0,7.5,245.3
355,0.6,7.6,244.7
356,1.8,10.1,245.2
357,3.1,34.2,248.5
358,4.5,73.0,249.5
359,7.0,129.4,252.8
360,2.8,38.2,256.1
361,2.3,16.1,256.2
362,4.2,45.6,252.9
363,6.1,99.1,250.0
364,5.7,112.1,252.0
365,0.5,1.7,256.9
366,0.2,0.0,263.3
367,0.2,0.1,263.4
368,1.9,9.0,264.6
369,0.5,0.9,265.6
370,0.5,1.5,257.7
371,1.1,10.5,254.2
372,1.5,22.0,255.7
373,1.2,19.1,256.1
374,0.0,0.0,256.2
375,1.1,3.8,258.5
376,2.0,22.0,260.1
377,2.0,42.0,261.9
378,0.1,2.5,264.3
379,0.0,0.0,263.8
380,0.0,0.0,260.3
381,0.1,0.0,258.9
382,0.0,0.0,260.1
383,0.0,0.0,258.9
384,0.2,0.0,259.7
385,2.1,7.0,264.0
386,5.7,47.3,267.7
387,2.1,15.4,265.9
388,1.0,11.5,261.0
389,1.7,24.3,251.7
390,2.2,44.0,248.4
391,1.6,32.4,249.2
392,0.2,0.0,249.4
393,0.2,0.0,255.3
394,0.8,2.1,258.4
395,1.5,13.0,258.5
396,1.1,4.6,260.6
397,1.0,14.5,257.6
398,1.9,28.1,252.9
399,2.2,48.3,251.0
400,1.8,38.1,250.4
401,0.2,0.0,256.3
402,0.1,0.1,265.3
403,1.0,6.5,271.0
404,2.8,22.7,274.3
405,2.3,30.7,276.7
406,3.1,53.0,273.1
407,2.2,67.0,268.8
408,3.7,94.0,263.7
409,3.8,77.6,259.7
410,1.6,5.3,256.6
411,3.1,32.5,261.0
412,4.6,68.0,265.8
413,8.0,135.1,268.2
414,3.0,31.2,270.9
415,1.5,6.5,267.8
416,2.0,16.3,261.2
417,2.7,37.0,259.0
418,4.1,40.5,257.2
419,3.4,15.1,259.3
420,5.1,57.5,262.1
421,7.6,117.0,263.1
422,10.2,210.0,265.0
423,6.5,83.4,268.4
424,9.3,126.8,260.2
425,11.6,197.5,251.6
426,9.7,253.7,247.2
427,10.9,279.4,243.0
428,6.5,61.1,243.1
429,9.6,93.2,248.8
430,16.9,226.3,256.3
431,21.1,419.6,262.7
432,19.7,542.9,266.2
433,15.9,550.5,265.1
434,12.1,561.1,262.8
435,12.0,681.0,262.1
436,12.8,802.7,257.6
437,17.5,956.6,260.0
438,18.2,1136.3,262.5
439,21.0,1330.8,261.9
440,23.0,1555.5,266.4
441,19.0,1660.0,267.1
442,16.9,1616.5,265.5
443,12.3,1641.8,263.0
444,12.0,1761.0,259.6
445,11.0,1630.7,260.8
446,9.6,399.4,261.7
447,14.4,150.7,261.7
448,17.5,316.0,265.3
449,19.0,500.5,271.6
450,17.8,658.4,272.1
451,15.4,633.8,270.5
452,12.0,666.0,266.7
453,12.0,786.0,263.0
454,10.5,778.6,259.7
455,5.9,193.2,257.7
456,9.6,82.7,260.3
457,12.1,197.0,261.3
458,12.0,317.0,261.5
459,12.0,437.0,261.1
460,12.0,557.0,256.7
461,12.0,677.0,254.5
462,12.0,797.0,254.7
463,10.5,786.9,249.2
464,2.5,186.3,241.4
465,0.3,0.0,243.2
466,1.3,3.4,251.3
467,2.7,21.7,256.9
468,3.7,16.8,260.4
469,7.5,65.8,259.1
470,11.3,160.9,256.1
471,12.0,280.0,254.2
472,10.5,330.1,250.1
473,2.2,66.7,246.8
474,0.4,0.0,250.7
475,0.3,0.0,259.7
476,5.3,23.1,265.8
477,9.6,99.3,266.1
478,8.5,168.0,261.6
479,8.1,241.0,260.0
480,8.6,322.5,257.7
481,8.3,329.6,255.3
482,1.0,24.5,255.9
483,1.3,5.1,260.3
484,3.0,27.5,263.8
485,5.4,67.3,271.8
486,4.8,67.6,272.9
487,4.3,80.4,265.6
488,4.1,115.0,255.1
489,4.8,158.6,252.6
490,4.4,152.1,254.0
491,1.9,13.0,250.6
492,2.0,33.0,251.9
493,2.7,55.8,257.6
494,4.0,90.0,263.2
495,0.9,9.2,262.9
496,1.7,13.3,260.0
497,2.0,33.0,254.9
498,2.1,53.0,253.4
499,1.1,37.3,256.6
500,1.0,5.5,255.6
501,1.0,15.5,254.3
502,1.2,25.8,253.7
503,2.0,43.0,249.3
504,0.0,0.0,244.4
505,0.0,0.0,234.8
506,0.0,0.0,225.9
507,0.0,0.0,222.5
508,0.0,0.0,225.3
509,0.0,0.0,221.9
510,0.0,0.0,216.5
511,0.3,0.6,218.0
512,1.0,8.5,220.4
513,0.0,0.0,220.9
514,0.0,0.0,216.8
515,0.0,0.0,215.7
516,0.0,0.0,215.2
517,0.0,0.0,215.2
518,2.4,11.2,214.9
519,3.0,40.5,218.3
520,3.2,70.8,222.3
521,5.4,114.0,223.6
522,0.6,13.7,222.3
523,0.6,1.3,215.6
524,1.3,4.9,205.6
525,0.0,0.0,203.7
526,0.7,2.2,200.8
527,2.0,18.0,200.4
528,2.0,38.0,206.9
529,3.1,61.8,210.9
530,5.8,107.9,211.7
531,0.9,11.1,212.0
532,0.0,0.0,205.7
533,0.0,0.0,201.6
534,0.0,0.0,196.9
535,0.3,0.6,196.8
536,2.0,14.0,200.1
537,2.0,34.0,204.2
538,3.2,58.3,207.1
539,5.5,103.6,208.9
540,1.9,12.0,209.5
541,0.3,0.5,204.5
542,0.0,0.0,197.9
543,0.0,0.0,192.8
544,0.0,0.0,196.4
545,0.0,0.0,197.9
546,0.0,0.0,198.1
547,0.0,0.0,196.6
548,0.9,4.5,198.7
549,0.0,0.0,196.7
550,0.0,0.0,189.9
551,0.0,0.0,181.4
552,0.0,0.0,176.2
553,0.0,0.0,177.7
554,0.0,0.0,179.8
555,0.0,0.0,182.6
556,0.0,0.0,182.9
557,1.6,7.6,184.4
558,0.1,0.7,184.0
559,0.0,0.0,179.3
560,0.0,0.0,174.6
561,0.1,0.1,170.4
562,0.5,1.1,172.5
563,2.0,16.0,178.8
564,2.0,36.0,180.5
565,3.1,60.2,183.9
566,4.4,99.0,189.9
567,0.4,6.7,190.8
568,0.0,0.0,183.9
569,0.0,0.0,182.1
570,0.0,0.0,181.0
571,0.0,0.0,182.2
572,0.0,0.0,188.0
573,0.0,0.0,195.6
574,0.1,0.1,198.1
575,1.0,6.5,198.0
576,0.0,0.0,194.3
577,0.0,0.0,187.8
578,0.0,0.0,183.7
579,0.0,0.0,181.4
580,0.0,0.0,182.9
581,0.7,2.8,184.5
582,1.0,12.5,187.5
583,1.0,22.5,189.3
584,1.0,32.5,192.3
585,0.0,0.0,188.7
586,0.0,0.0,181.0
587,0.0,0.0,172.1
588,0.0,0.0,168.5
589,0.3,0.6,174.1
590,2.0,14.0,173.9
591,2.0,34.0,177.6
592,2.0,54.0,180.1
593,3.2,77.4,182.5
594,1.3,7.6,185.5
595,0.0,0.0,185.3
596,0.0,0.0,180.5
597,0.0,0.0,178.6
598,0.0,0.0,177.1
599,0.0,0.0,177.6
600,0.0,0.0,182.3
601,0.0,0.0,186.3
602,1.5,6.6,188.8
603,0.3,1.0,188.0
604,0.0,0.0,179.9
605,0.0,0.0,173.2
606,0.0,0.0,172.0
607,0.0,0.0,176.4
608,0.0,0.0,182.5
609,0.0,0.0,185.4
610,0.0,0.0,186.9
611,0.0,0.0,189.4
612,0.0,0.0,189.5
613,0.0,0.0,182.3
614,0.0,0.0,174.6
615,0.0,0.0,174.7
616,0.0,0.0,180.9
617,0.0,0.0,186.0
618,0.0,0.0,189.2
619,1.6,7.3,190.7
620,3.0,32.5,190.6
621,0.3,4.1,188.3
622,0.0,0.0,181.4
623,0.0,0.0,178.0
624,0.0,0.0,175.2
625,0.0,0.0,179.8
626,0.0,0.0,188.1
627,0.0,0.0,190.4
628,0.0,0.0,189.2
629,0.0,0.0,190.5
630,0.0,0.0,188.6
631,0.4,0.6,184.3
632,0.0,0.0,179.9
633,0.0,0.0,177.8
634,0.0,0.0,180.5
635,1.0,5.5,186.1
636,1.0,15.5,192.1
637,1.0,25.5,194.8
638,2.2,39.4,194.5
639,0.3,0.8,191.0
640,0.0,0.0,184.8
641,0.0,0.0,181.1
642,0.0,0.0,175.5
643,0.3,0.6,175.5
644,3.6,21.3,179.5
645,4.0,61.0,184.9
646,4.1,101.1,188.7
647,5.9,150.0,189.1
648,1.2,27.2,189.3
649,0.3,0.4,187.6
650,0.0,0.0,185.7
651,0.0,0.0,181.9
652,0.0,0.0,182.4
653,1.8,9.1,181.3
654,2.0,29.0,183.6
655,2.6,51.1,184.5
656,4.2,84.7,187.8
657,1.1,7.7,191.3
658,0.9,2.6,189.7
659,0.0,0.0,187.5
660,0.0,0.0,181.7
661,0.0,0.0,181.0
662,0.0,0.0,182.6
663,0.0,0.0,184.2
664,0.4,1.0,190.3
665,3.6,19.8,195.1
666,1.0,7.8,191.9
667,0.0,0.0,184.0
668,0.0,0.0,177.9
669,0.0,0.0,173.3
670,0.0,0.0,175.3
671,0.0,0.0,179.5
672,0.0,0.0,184.9
673,0.0,0.0,185.8
674,0.0,0.0,185.5
675,0.0,0.0,182.4
676,0.0,0.0,180.1
677,0.0,0.0,180.2
678,0.0,0.0,182.7
679,0.0,0.0,186.0
680,0.0,0.0,188.7
681,0.0,0.0,191.8
682,1.2,4.3,191.4
683,2.0,23.0,188.4
684,0.1,1.6,186.6
685,0.0,0.0,184.3
686,0.0,0.0,182.5
687,0.0,0.0,179.8
688,0.2,0.3,180.8
689,2.0,13.0,180.4
690,2.0,33.0,180.6
691,2.0,53.0,180.4
692,2.0,73.0,181.4
693,0.1,4.1,178.4
694,0.0,0.0,172.4
695,0.0,0.0,165.0
696,0.0,0.0,158.4
697,0.0,0.0,155.4
698,0.0,0.0,153.4
699,0.0,0.0,155.8
700,1.2,4.3,157.8
701,2.3,23.6,156.1
702,0.4,2.6,155.3
703,0.0,0.0,151.7
704,0.0,0.0,145.8
705,0.0,0.0,147.3
706,0.0,0.0,148.2
707,0.0,0.0,148.1
708,0.0,0.0,149.7
709,0.0,0.0,152.3
710,0.0,0.0,154.7
711,0.0,0.0,156.5
712,0.0,0.0,151.8
713,0.0,0.0,149.9
714,0.0,0.0,150.9
715,0.0,0.0,149.0
716,0.0,0.0,148.3
717,0.0,0.0,146.1
718,0.0,0.0,145.7
719,0.5,1.5,146.2
720,0.0,0.0,145.5
721,0.0,0.0,144.9
722,0.0,0.0,141.7
723,0.0,0.0,140.3
724,0.0,0.0,140.9
725,0.0,0.0,143.6
726,0.0,0.0,147.3
727,0.5,1.5,145.9
728,2.1,14.7,145.2
729,0.1,0.9,144.2
730,0.0,0.0,138.6
731,0.0,0.0,135.6
732,0.0,0.0,136.9
733,0.0,0.0,139.4
734,0.0,0.0,140.1
735,0.0,0.0,143.0
736,0.0,0.0,142.1
737,0.0,0.0,134.8
738,0.0,0.0,129.1
739,0.0,0.0,122.9
740,0.0,0.0,118.0
741,0.0,0.0,121.7
742,0.0,0.0,127.5
743,0.0,0.0,130.5
744,0.0,0.0,131.0
745,0.0,0.0,130.5
746,0.0,0.0,126.9
747,0.0,0.0,124.2
748,0.0,0.0,119.4
749,0.0,0.0,118.4
750,0.0,0.0,121.2
751,0.0,0.0,125.0
752,0.0,0.0,124.2
753,0.0,0.0,125.6
754,0.0,0.0,124.1
755,0.8,3.6,123.6
756,0.0,0.0,121.9
757,0.0,0.0,116.4
758,0.0,0.0,114.2
759,0.0,0.0,117.8
760,0.0,0.0,121.1
761,0.0,0.0,120.9
762,0.0,0.0,123.0
763,0.0,0.0,123.1
764,1.6,7.3,124.1
765,0.3,1.1,123.5
766,0.0,0.0,116.2
767,0.0,0.0,110.3
768,0.0,0.0,113.4
769,0.0,0.0,117.0
770,0.0,0.0,119.9
771,0.0,0.0,123.4
772,0.0,0.0,123.0
773,2.0,7.5,116.4
774,0.3,1.4,113.8
775,0.0,0.0,110.1
776,0.0,0.0,111.3
777,0.0,0.0,113.7
778,0.0,0.0,115.3
779,0.0,0.0,119.7
780,0.0,0.0,121.0
781,0.0,0.0,121.7
782,0.0,0.0,119.3
783,0.0,0.0,118.2
784,0.0,0.0,114.9
785,0.0,0.0,111.3
786,0.0,0.0,111.3
787,0.0,0.0,113.1
788,0.0,0.0,113.1
789,0.0,0.0,116.0
790,0.0,0.0,115.3
791,0.9,1.9,114.9
792,0.1,0.3,114.1
793,0.0,0.0,109.1
794,0.0,0.0,103.4
795,0.0,0.0,100.9
796,0.0,0.0,99.2
797,0.0,0.0,96.4
798,0.0,0.0,97.9
799,0.0,0.0,97.4
800,0.0,0.0,101.0
801,0.0,0.0,102.2
802,0.0,0.0,96.5
803,0.0,0.0,96.8
804,0.0,0.0,97.2
805,0.0,0.0,98.6
806,0.0,0.0,96.3
807,0.0,0.0,98.3
808,0.0,0.0,98.0
809,0.0,0.0,100.6
810,0.0,0.0,101.9
811,0.0,0.0,94.3
812,0.0,0.0,92.1
813,0.0,0.0,93.9
814,0.0,0.0,95.4
815,0.0,0.0,96.3
816,0.0,0.0,96.9
817,0.0,0.0,99.2
818,0.5,1.1,99.8
819,0.1,0.2,102.4
820,0.0,0.0,98.7
821,0.0,0.0,95.2
822,0.0,0.0,95.1
823,0.0,0.0,97.3
824,0.0,0.0,96.6
825,0.0,0.0,99.6
826,1.3,5.5,103.3
827,2.0,24.0,104.8
828,0.1,1.5,107.2
829,0.0,0.0,101.6
830,0.0,0.0,95.4
831,0.0,0.0,96.2
832,0.0,0.0,96.6
833,0.0,0.0,96.3
834,0.0,0.0,95.9
835,0.0,0.0,98.6
836,2.0,8.5,102.7
837,0.2,0.5,105.4
838,0.0,0.0,100.8
839,0.0,0.0,97.8
840,0.0,0.0,97.2
841,0.0,0.0,93.7
842,0.0,0.0,90.3
843,0.0,0.0,91.8
844,0.0,0.0,93.0
845,0.7,2.8,91.4
846,0.0,0.0,93.1
847,0.0,0.0,88.1
848,0.0,0.0,82.6
849,0.0,0.0,79.6
850,0.0,0.0,77.6
851,0.0,0.0,76.0
852,0.0,0.0,78.2
853,0.6,2.1,78.8
854,2.7,19.8,82.6
855,0.3,2.8,85.7
856,0.0,0.0,82.7
857,0.0,0.0,80.0
858,0.0,0.0,78.3
859,0.0,0.0,76.6
860,0.0,0.0,73.2
861,0.0,0.0,76.1
862,0.0,0.0,78.7
863,0.6,2.1,81.6
864,0.0,0.0,85.1
865,0.0,0.0,83.5
866,0.0,0.0,82.0
867,0.0,0.0,80.1
868,0.0,0.0,78.8
869,0.0,0.0,76.0
870,0.0,0.0,78.9
871,0.0,0.0,80.4
872,0.0,0.0,82.7
873,0.0,0.0,84.0
874,0.0,0.0,80.8
875,0.0,0.0,78.0
876,0.0,0.0,76.1
877,0.0,0.0,74.0
878,0.0,0.0,71.9
879,0.0,0.0,74.6
880,0.0,0.0,75.4
881,0.0,0.0,74.8
882,0.0,0.0,77.2
883,0.0,0.0,78.0
884,0.0,0.0,77.0
885,0.0,0.0,75.3
886,0.0,0.0,71.1
887,0.0,0.0,69.2
888,0.0,0.0,71.8
889,1.7,6.6,75.4
890,3.8,37.1,76.7
891,0.6,7.5,81.8
892,0.0,0.0,79.2
893,0.0,0.0,77.2
894,0.0,0.0,76.0
895,0.0,0.0,73.7
896,0.0,0.0,71.3
897,0.0,0.0,72.6
898,0.0,0.0,74.3
899,0.8,3.6,77.7
900,0.0,0.0,82.2
901,0.0,0.0,82.5
902,0.0,0.0,80.2
903,0.0,0.0,76.4
904,0.0,0.0,73.6
905,0.0,0.0,73.1
906,0.0,0.0,75.2
907,0.0,0.0,76.8
908,0.0,0.0,78.6
909,0.0,0.0,82.3
910,0.0,0.0,79.8
911,0.0,0.0,78.8
912,0.0,0.0,76.0
913,0.0,0.0,72.8
914,0.0,0.0,71.0
915,0.0,0.0,73.5
916,0.0,0.0,75.4
917,0.0,0.0,80.0
918,0.0,0.0,84.5
919,0.0,0.0,82.7
920,0.0,0.0,80.6
921,0.0,0.0,77.4
922,0.0,0.0,74.4
923,0.0,0.0,72.1
924,0.0,0.0,73.9
925,0.0,0.0,75.6
926,0.0,0.0,79.7
927,0.0,0.0,84.7
928,0.0,0.0,82.5
929,0.0,0.0,77.3
930,0.0,0.0,74.5
931,0.0,0.0,72.3
932,0.0,0.0,70.3
933,0.0,0.0,73.4
934,0.0,0.0,76.0
935,0.0,0.0,76.4
936,0.0,0.0,79.7
937,0.0,0.0,79.0
938,0.0,0.0,76.8
939,0.0,0.0,75.2
940,0.0,0.0,74.8
941,0.0,0.0,72.3
942,0.0,0.0,73.1
943,0.0,0.0,75.1
944,0.0,0.0,78.0
945,0.0,0.0,82.2
946,0.0,0.0,80.0
947,0.0,0.0,78.0
948,0.0,0.0,76.8
949,0.0,0.0,74.8
950,0.0,0.0,71.5
951,0.0,0.0,74.5
952,0.0,0.0,78.3
953,0.3,0.6,81.7
954,0.0,0.0,84.7
955,0.0,0.0,81.9
956,0.0,0.0,79.5
957,0.0,0.0,73.9
958,0.0,0.0,71.7
959,0.0,0.0,70.6
960,0.0,0.0,71.9
961,0.0,0.0,73.8
962,0.0,0.0,76.0
963,0.0,0.0,75.9
964,0.0,0.0,73.3
965,0.0,0.0,71.5
966,0.0,0.0,70.4
967,0.0,0.0,69.4
968,0.0,0.0,69.0
969,0.0,0.0,69.7
970,0.2,0.3,70.5
971,3.4,18.7,73.0
972,0.3,3.0,75.6
973,0.0,0.0,70.5
974,0.0,0.0,65.8
975,0.0,0.0,64.0
976,0.0,0.0,60.2
977,0.0,0.0,57.3
978,0.0,0.0,56.7
979,0.0,0.0,59.0
980,0.0,0.0,63.5
981,0.0,0.0,67.2
982,0.0,0.0,66.4
983,0.0,0.0,62.9
984,0.0,0.0,60.8
985,0.0,0.0,57.5
986,0.0,0.0,54.8
987,0.0,0.0,55.4
988,0.4,1.0,59.3
989,1.4,10.5,62.1
990,0.0,0.0,65.8
991,0.0,0.0,66.6
992,0.0,0.0,61.2
993,0.0,0.0,59.7
994,0.0,0.0,58.7
995,0.0,0.0,58.1
996,0.0,0.0,61.0
997,0.0,0.0,64.3
998,0.6,2.1,67.5
999,0.0,0.0,71.5
1000,0.0,0.0,68.4
1001,0.0,0.0,66.9
1002,0.0,0.0,65.4
1003,0.0,0.0,64.4
1004,0.0,0.0,61.8
1005,0.0,0.0,63.6
1006,0.0,0.0,66.8
1007,0.0,0.0,70.9
1008,0.0,0.0,73.5
1009,0.0,0.0,68.9
1010,0.0,0.0,66.8
1011,0.0,0.0,65.5
1012,0.0,0.0,63.7
1013,0.0,0.0,61.4
1014,0.0,0.0,62.3
1015,0.0,0.0,64.9
1016,0.0,0.0,66.8
1017,0.0,0.0,69.8
1018,0.0,0.0,67.9
1019,0.0,0.0,66.0
1020,0.0,0.0,62.0
1021,0.0,0.0,57.9
1022,0.0,0.0,56.1
1023,0.0,0.0,58.0
1024,0.0,0.0,61.8
1025,0.0,0.0,66.1
1026,0.0,0.0,69.0
1027,0.0,0.0,66.7
1028,0.0,0.0,63.7
1029,0.0,0.0,61.9
1030,0.0,0.0,61.0
1031,0.0,0.0,59.6
1032,0.0,0.0,61.0
1033,0.0,0.0,66.5
1034,0.0,0.0,70.9
1035,0.0,0.0,74.5
1036,0.0,0.0,70.6
1037,0.0,0.0,65.9
1038,0.0,0.0,62.1
1039,0.0,0.0,59.9
1040,0.0,0.0,57.9
1041,0.0,0.0,56.4
1042,0.0,0.0,59.3
1043,0.0,0.0,61.0
1044,0.0,0.0,63.1
1045,0.0,0.0,63.6
1046,0.0,0.0,63.0
1047,0.0,0.0,61.2
1048,0.0,0.0,59.2
1049,0.0,0.0,55.7
1050,0.0,0.0,56.2
1051,0.3,0.6,55.5
1052,1.0,8.5,56.6
1053,0.0,0.0,58.9
1054,0.0,0.0,55.3
1055,0.0,0.0,54.0
1056,0.0,0.0,53.3
1057,0.0,0.0,50.6
1058,0.0,0.0,46.4
1059,0.0,0.0,46.1
1060,0.4,1.0,46.5
1061,1.0,9.5,47.9
1062,0.0,0.0,50.8
1063,0.0,0.0,47.0
1064,0.0,0.0,41.1
1065,0.0,0.0,38.4
1066,0.0,0.0,36.9
1067,0.0,0.0,37.0
1068,0.0,0.0,38.5
1069,0.0,0.0,39.4
1070,2.3,10.2,40.5
1071,0.3,2.4,43.5
1072,0.0,0.0,39.6
1073,0.0,0.0,37.5
1074,0.0,0.0,37.0
1075,0.0,0.0,37.5
1076,0.0,0.0,39.3
1077,0.0,0.0,41.5
1078,0.0,0.0,43.5
1079,0.0,0.0,42.6
1080,0.0,0.0,39.2
1081,0.0,0.0,37.4
1082,0.0,0.0,32.7
1083,0.0,0.0,31.0
1084,0.0,0.0,31.0
1085,0.0,0.0,32.2
1086,0.0,0.0,32.0
1087,0.9,2.7,30.2
1088,4.5,31.9,28.4
1089,1.0,10.5,27.0
1090,0.0,0.0,23.8
1091,0.0,0.0,20.5
1092,0.0,0.0,20.1
1093,0.0,0.0,21.5
1094,0.0,0.0,23.0
1095,0.0,0.0,25.5
1096,0.0,0.0,25.0
1097,0.8,3.6,21.5
1098,0.0,0.0,17.9
1099,0.0,0.0,15.6
1100,0.0,0.0,15.9
1101,0.0,0.0,16.2
1102,0.0,0.0,14.9
1103,0.0,0.0,14.0
1104,0.0,0.0,14.0
1105,0.0,0.0,11.4
1106,0.0,0.0,8.5
1107,0.0,0.0,8.0
1108,0.0,0.0,8.0
1109,0.0,0.0,7.5
1110,0.0,0.0,7.0
1111,0.0,0.0,7.0
1112,0.0,0.0,7.0
1113,0.0,0.0,7.0
1114,0.0,0.0,6.2
1115,0.0,0.0,6.0
1116,0.0,0.0,6.0
1117,0.0,0.0,4.3
1118,0.0,0.0,3.7
1119,0.0,0.0,1.3333333333333333
